<?xml version="1.0" encoding="UTF-8"?>
<project-private xmlns="http://www.netbeans.org/ns/project-private/1">
    <editor-bookmarks xmlns="http://www.netbeans.org/ns/editor-bookmarks/2" lastBookmarkId="0"/>
    <open-files xmlns="http://www.netbeans.org/ns/projectui-open-files/2">
        <group>
            <file>file:/C:/Users/vimal/OneDrive/Desktop/amrita%20online%20class/SEM3/oop/HospitalManagementSystemusingJAVASwing-master/src/Hospitalmanagementsystem/HospitalManagementSystem.java</file>
            <file>file:/C:/Users/vimal/OneDrive/Desktop/amrita%20online%20class/SEM3/oop/HospitalManagementSystemusingJAVASwing-master/src/Hospitalmanagementsystem/doctor.java</file>
            <file>file:/C:/Users/vimal/OneDrive/Desktop/amrita%20online%20class/SEM3/oop/HospitalManagementSystemusingJAVASwing-master/src/Hospitalmanagementsystem/medicine.java</file>
            <file>file:/C:/Users/vimal/OneDrive/Desktop/amrita%20online%20class/SEM3/oop/HospitalManagementSystemusingJAVASwing-master/src/Hospitalmanagementsystem/Module2.java</file>
            <file>file:/C:/Users/vimal/OneDrive/Desktop/amrita%20online%20class/SEM3/oop/HospitalManagementSystemusingJAVASwing-master/src/Hospitalmanagementsystem/BloodGroup.java</file>
            <file>file:/C:/Users/vimal/OneDrive/Desktop/amrita%20online%20class/SEM3/oop/HospitalManagementSystemusingJAVASwing-master/src/Hospitalmanagementsystem/LoginPage.java</file>
        </group>
    </open-files>
</project-private>
